{"cameraMode":{"drawMode":0,"name":"Shaded","section":"Shading Mode"},"sceneLighting":true,"audioPlay":false,"sceneViewState":{"showFog":true,"showMaterialUpdate":false,"showSkybox":true,"showFlares":true,"showImageEffects":true,"showParticleSystems":true},"in2DMode":false,"pivot":{"x":-0.19163931906223298,"y":1.061311960220337,"z":1.2291713953018189},"rotation":{"x":0.1908259391784668,"y":0.0029452384915202858,"z":-0.0005726620438508689,"w":0.9816446900367737},"size":1.7857887744903565,"orthographic":false}