{"cameraMode":{"drawMode":0,"name":"Shaded","section":"Shading Mode"},"sceneLighting":true,"audioPlay":false,"sceneViewState":{"showFog":true,"showMaterialUpdate":false,"showSkybox":true,"showFlares":true,"showImageEffects":true,"showParticleSystems":true},"in2DMode":false,"pivot":{"x":-0.0121002197265625,"y":1.0427093505859376,"z":0.001953125},"rotation":{"x":-0.14913900196552277,"y":0.15393991768360139,"z":-0.023264670744538308,"w":-0.9766356348991394},"size":1.1594058275222779,"orthographic":true}